{
  "id": "",
  "name": "",
  "font_family": "iconfont",
  "css_prefix_text": "icon-",
  "description": "",
  "glyphs": [
    {
      "icon_id": "276613",
      "name": "back",
      "font_class": "back",
      "unicode": "e604",
      "unicode_decimal": 58884
    },
    {
      "icon_id": "372210",
      "name": "cc-menu-circle",
      "font_class": "cc-menu-circle",
      "unicode": "e672",
      "unicode_decimal": 58994
    },
    {
      "icon_id": "4234221",
      "name": "news",
      "font_class": "news",
      "unicode": "e6b9",
      "unicode_decimal": 59065
    },
    {
      "icon_id": "6654507",
      "name": "card-hero",
      "font_class": "card-hero",
      "unicode": "e61f",
      "unicode_decimal": 58911
    },
    {
      "icon_id": "10173713",
      "name": "menu",
      "font_class": "menu",
      "unicode": "e64a",
      "unicode_decimal": 58954
    }
  ]
}
